shoulder_angle,head_offset_x,head_offset_y,left_wrist_dist,right_wrist_dist,wrist_velocity_avg,zone_motion_score,label
90.0,0.6871,1.7298,0.1957,1.5707,0.0,0.0,0
90.0,0.1209,1.3739,0.8825,0.9544,1.6987,0.0,0
90.0,0.4821,1.2457,0.3657,0.7066,0.5196,0.0,0
90.0,0.2218,1.1951,0.511,0.9074,0.3753,0.0,0
90.0,0.2218,1.1951,0.511,0.9074,0.0,0.0,0
90.0,0.7902,1.1493,0.5527,1.2633,1.2955,0.0,0
90.0,0.489,1.1892,0.6091,1.3839,0.7756,0.0,0
90.0,0.2152,1.5929,1.144,2.7677,0.6421,0.0,0
90.0,0.3574,0.8051,0.6273,1.0798,1.3889,0.0,0
90.0,0.3396,0.9986,0.8404,0.518,2.0176,0.0,0
90.0,1.0211,2.3943,2.1543,4.7996,2.0271,0.0,0
90.0,0.3703,0.7725,0.4338,0.6382,2.0505,0.0,0
90.0,0.4463,0.6584,0.5009,0.881,0.2438,0.0,0
90.0,0.1762,0.7413,0.5187,0.0074,0.7581,0.0,0
90.0,0.2842,0.5853,0.4311,0.1409,0.1881,0.0,0
90.0,0.1646,0.6807,0.5591,0.1254,0.2213,0.0,0
90.0,0.2476,0.805,0.3108,0.3023,0.4991,0.0,0
90.0,0.4073,0.7765,0.8581,0.2514,0.329,0.0,0
90.0,0.3144,0.83,0.341,0.6724,0.5668,0.0,0
90.0,0.2721,0.5884,0.35,0.4769,0.2817,0.0,0
90.0,0.1043,0.8159,0.1949,0.2168,0.2342,0.0,0
90.0,0.1625,0.7817,0.2711,0.3041,0.2715,0.0,0
90.0,0.1546,0.6686,0.4759,0.1194,0.6976,0.0,0
90.0,0.1556,0.8665,0.5451,0.1115,0.1958,0.0,0
90.0,0.3213,0.9419,0.5223,0.9784,1.1877,0.0,0
90.0,0.0698,0.7864,0.2969,0.0314,1.1374,0.0,0
90.0,0.1558,0.8142,0.4094,0.161,0.1258,0.0,0
90.0,0.1558,0.8142,0.4094,0.161,0.0,0.0,0
90.0,0.0879,0.6178,0.5716,0.2639,0.4973,0.0,0
90.0,0.2091,0.9141,0.7275,0.1565,0.074,0.0,0
90.0,0.088,0.8717,0.3594,0.0677,0.4065,0.0,0
90.0,0.0501,0.6901,0.0538,0.1203,0.2889,0.0,0
90.0,0.054,1.1436,0.4354,1.0289,2.9879,0.0,0
90.0,0.0206,0.5666,0.1333,0.1961,3.0113,0.0,0
90.0,0.063,0.7049,0.1679,0.3208,0.2325,0.0,0
90.0,0.1223,0.7851,0.3606,0.5457,0.3113,0.0,0
90.0,0.1734,0.8421,0.5167,0.106,0.5526,0.0,0
90.0,0.0581,0.9465,0.4637,0.1201,0.5094,0.0,0
90.0,0.1432,0.5333,0.3521,0.1249,0.3287,0.0,0
90.0,0.11,0.582,0.2685,0.1779,0.2717,0.0,0
90.0,0.0184,0.5951,0.1402,0.2705,0.214,0.0,0
90.0,0.1057,1.4127,0.5224,2.304,2.2876,0.0,0
90.0,0.0307,1.3916,0.7822,1.8064,0.9047,0.0,0
90.0,0.0402,0.5972,0.3679,0.3704,1.4132,0.0,0
90.0,0.0832,0.7029,0.2284,0.7469,0.7292,0.0,0
90.0,0.2653,0.274,0.6498,0.6752,0.5299,0.0,0
90.0,0.2542,0.6217,0.0478,0.3445,1.2665,0.0,0
90.0,0.2163,0.4521,0.3655,0.5947,1.0894,0.0,0
90.0,0.1137,0.8952,0.7944,0.9861,1.4526,0.0,0
90.0,0.2143,0.4419,0.5001,0.5984,1.4171,0.0,0
90.0,0.0395,0.6028,0.2382,0.6026,0.3825,0.0,0
90.0,0.0395,0.6028,0.2382,0.6026,0.0,0.0,0
90.0,0.2232,0.5571,0.2503,0.0491,3.0624,0.0,0
90.0,0.295,0.449,0.5844,0.3013,3.0064,0.0,0
90.0,0.1968,0.5289,0.051,0.4243,0.5787,0.0,0
90.0,1.0555,1.4193,1.8932,2.6856,2.1695,0.0,0
90.0,0.1834,1.3736,0.6428,1.5445,1.0911,0.0,0
90.0,0.2975,0.915,0.9573,0.5157,1.9188,0.0,0
90.0,0.3849,1.5924,1.7318,2.7519,1.7264,0.0,0
90.0,0.2648,0.2557,0.6865,1.1817,1.0408,0.0,0
90.0,0.1935,0.7879,0.7473,0.1019,2.9985,0.0,0
90.0,0.4491,1.3954,1.0491,2.0953,2.1839,0.0,0
90.0,0.4772,1.3406,0.8408,1.7318,0.5641,0.0,0
90.0,0.0745,0.917,0.4568,1.007,2.5857,0.0,0
90.0,0.0745,0.917,0.4568,1.007,0.0,0.0,0
90.0,0.1331,0.6223,0.6664,0.0043,4.1494,0.0,0
90.0,0.0972,1.8874,1.2339,2.2653,3.9065,0.0,0
90.0,0.0498,0.9535,0.4257,0.5757,1.3035,0.0,0
90.0,0.0722,0.7299,0.6986,0.2063,2.2615,0.0,0
90.0,0.0381,0.4496,0.3092,0.2979,1.6744,0.0,0
90.0,0.0428,0.3982,0.1567,0.0625,0.6036,0.0,0
90.0,0.3371,1.3258,1.041,2.1414,3.513,0.0,0
90.0,0.5906,0.9539,1.3288,1.2348,3.2417,0.0,0
90.0,0.2455,0.5028,0.3625,0.8358,0.7039,0.0,0
90.0,0.2832,0.5718,0.4437,0.838,0.0785,0.0,0
90.0,0.2233,0.5958,0.4287,0.3667,0.9953,0.0,0
90.0,0.2608,0.7649,0.2579,0.6108,1.0123,0.0,0
90.0,0.2821,0.6138,0.6503,0.3641,2.5138,0.0,0
90.0,0.2821,0.6138,0.6503,0.3641,0.0,0.0,0
90.0,0.1343,0.6712,0.4301,0.1758,1.5644,0.0,0
90.0,0.0416,0.6426,0.2015,0.2033,0.2862,0.0,0
90.0,0.0523,0.8452,0.8221,0.1515,1.0035,0.0,0
90.0,0.0539,1.0882,0.3176,0.7541,1.6774,0.0,0
90.0,0.0335,0.8427,0.2805,0.1864,1.22,0.0,0
90.0,0.2253,0.9966,0.0365,0.2182,0.5417,0.0,0
90.0,0.1867,1.0114,0.0682,0.3546,1.0232,0.0,0
90.0,0.0982,1.0894,0.2632,0.8238,0.9561,0.0,0
90.0,0.0986,0.9354,0.3157,0.0932,0.7791,0.0,0
90.0,0.0107,1.0386,0.2797,0.1606,0.5104,0.0,0
90.0,0.057,0.7806,0.2132,0.0472,0.2844,0.0,0
90.0,0.0085,0.919,0.2631,0.072,0.3306,0.0,0
90.0,0.1132,0.8472,0.249,0.2181,0.2228,0.0,0
90.0,0.1508,1.0361,0.1467,0.0768,0.3129,0.0,0
90.0,0.1196,0.9028,0.1906,0.0983,0.2804,0.0,0
90.0,0.1514,0.9828,0.1683,0.0129,0.2024,0.0,0
90.0,0.1016,0.7775,0.1941,0.0147,0.1509,0.0,0
90.0,0.0149,1.0142,0.2738,0.0324,0.2215,0.0,0
90.0,0.243,0.8429,0.1408,0.2121,0.2936,0.0,0
90.0,0.0561,0.7896,0.2654,0.5727,0.8613,0.0,0
90.0,0.1041,0.865,0.2893,0.6115,0.5689,0.0,0
90.0,0.3129,0.8743,0.1266,0.3784,0.8341,0.0,0
90.0,0.0612,0.7293,0.2189,0.352,0.7405,0.0,0
90.0,0.223,0.7154,0.1497,0.5822,0.4429,0.0,0
90.0,0.225,1.6728,0.4184,1.5446,2.8731,0.0,0
90.0,0.1997,0.8214,0.2011,0.3744,3.0648,0.0,0
90.0,0.2298,0.8755,0.2499,0.5814,0.7827,0.0,0
90.0,0.3189,1.0077,0.1463,0.4973,0.4786,0.0,0
90.0,0.1385,0.7545,0.4082,0.6217,0.3556,0.0,0
90.0,0.3186,1.0296,0.2389,0.4064,1.0373,0.0,0
90.0,0.4213,1.3633,0.0755,1.3209,1.1729,0.0,0
90.0,0.4376,0.7376,0.3497,0.5745,1.2591,0.0,0
90.0,0.4966,1.5218,0.4879,1.2945,1.278,0.0,0
90.0,0.3345,1.1345,0.2008,0.7709,0.3763,0.0,0
90.0,0.2953,0.9678,0.0761,0.4336,1.0905,0.0,0
90.0,0.6053,1.2486,0.0011,0.8717,1.2609,0.0,0
90.0,0.2237,0.8723,0.0775,0.4888,1.6792,0.0,0
90.0,0.2021,1.1612,0.14,0.4009,0.7498,0.0,0
90.0,0.486,1.3627,0.6623,1.2156,2.3165,0.0,0
90.0,0.4831,1.5589,0.518,1.4353,0.6994,0.0,0
90.0,0.0618,1.6648,0.3675,0.9193,1.8142,0.0,0
90.0,0.2772,0.9983,0.0805,1.1151,0.8701,0.0,0
90.0,0.0843,0.983,0.2223,0.4689,1.5732,0.0,0
90.0,0.0812,1.1357,0.1116,1.0712,1.1219,0.0,0
90.0,0.0998,0.6861,0.0986,0.2553,1.2853,0.0,0
90.0,0.0989,0.676,0.0385,0.3655,0.2578,0.0,0
90.0,0.0419,0.941,0.0235,0.4327,0.1018,0.0,0
90.0,0.015,1.0211,0.0425,0.2643,0.2579,0.0,0
90.0,0.0522,1.0487,0.0752,0.382,0.9948,0.0,0
90.0,0.1149,0.914,0.0676,0.5796,0.7927,0.0,0
90.0,0.165,1.1182,0.1894,0.7897,0.971,0.0,0
90.0,0.0612,0.8116,0.1222,0.4807,0.6363,0.0,0
90.0,0.064,0.8082,0.0171,0.3583,0.4682,0.0,0
90.0,0.0538,0.7259,0.2404,0.3437,0.6614,0.0,0
90.0,0.0049,0.6236,0.0706,0.4075,0.847,0.0,0
90.0,0.0599,0.7026,0.0823,0.4631,0.9836,0.0,0
90.0,0.1081,0.7465,0.027,0.2751,0.4363,0.0,0
90.0,0.064,1.3527,0.5077,2.5874,3.7754,0.0,0
90.0,0.0568,0.6545,0.0589,0.423,3.7513,0.0,0
90.0,0.5471,2.8831,1.1945,4.2158,3.2013,0.0,0
90.0,0.1729,0.6914,0.0712,0.2879,3.2933,0.0,0
90.0,0.1985,1.0487,0.0996,0.8789,0.7087,0.0,0
90.0,0.2044,1.7532,0.5534,2.4531,2.8376,0.0,0
90.0,0.1221,0.6402,0.1543,0.0952,2.9956,0.0,0
90.0,0.2289,1.2234,0.462,1.8968,2.8497,0.0,0
90.0,0.2514,1.0529,0.3487,1.1961,2.3124,0.0,0
90.0,0.0316,1.124,0.4777,2.3552,1.5877,0.0,0
90.0,0.0322,0.5099,0.1779,0.3284,3.1163,0.0,0
90.0,0.3392,0.8894,0.6002,1.9896,5.093,0.0,0
90.0,1.3744,0.7147,0.2859,1.576,0.6693,0.0,0
90.0,0.2887,1.2804,0.798,2.5258,1.367,0.0,0
90.0,0.0917,1.1908,0.7817,2.0364,0.8074,0.0,0
90.0,0.1223,0.8711,0.7063,2.0975,0.6802,0.0,0
90.0,0.2654,0.5642,0.2667,1.653,1.2786,0.0,0
90.0,0.8437,0.0766,0.08,1.3096,0.8537,0.0,0
90.0,0.1485,1.3475,0.6641,2.3507,1.27,0.0,0
90.0,0.2771,0.3969,0.151,1.7563,0.6548,0.0,0
90.0,0.1746,1.0651,0.2835,1.3816,1.0335,0.0,0
90.0,0.0327,1.198,0.4011,2.2223,1.5992,0.0,0
90.0,0.0836,0.8908,0.3122,1.6759,0.9409,0.0,0
90.0,0.065,1.2677,0.5689,1.9945,0.4908,0.0,0
90.0,0.0248,0.9304,0.2146,1.7566,1.0417,0.0,0
90.0,0.182,0.8486,0.1813,0.4697,2.664,0.0,0
90.0,0.0726,1.0224,0.7096,1.7957,2.5135,0.0,0
90.0,0.066,2.1132,1.0655,3.2121,0.9952,0.0,0
90.0,0.4632,0.3434,0.0436,1.3816,1.0149,0.0,0
90.0,0.3328,1.0001,0.565,1.1988,2.3967,0.0,0
90.0,0.7039,0.2199,0.4621,1.5898,2.1974,0.0,0
90.0,0.3006,1.468,0.4021,2.0504,1.2836,0.0,0
90.0,0.0711,1.2594,0.4554,2.2727,0.5703,0.0,0
90.0,0.132,1.2993,0.482,2.1139,0.2114,0.0,0
90.0,0.0753,0.5533,0.105,0.2331,1.8855,0.0,0
90.0,0.2535,1.1878,0.234,0.9641,1.5026,0.0,0
90.0,0.257,0.6023,0.4106,0.7401,1.3557,0.0,0
90.0,0.3124,0.6416,0.146,0.427,1.2071,0.0,0
90.0,0.2197,0.6623,0.3106,0.354,0.6108,0.0,0
90.0,0.0989,0.5899,0.0712,0.1788,0.9228,0.0,0
90.0,0.146,0.7433,0.1192,0.184,0.5817,0.0,0
90.0,0.1091,0.4522,0.2796,0.0963,0.514,0.0,0
90.0,0.0333,1.2236,0.3743,1.842,3.5391,0.0,0
90.0,0.1517,0.4598,0.159,0.2473,3.5867,0.0,0
90.0,0.0926,1.2088,0.3577,1.1955,2.1248,0.0,0
90.0,0.1547,0.6225,0.1424,0.2866,1.8403,0.0,0
90.0,0.056,0.7863,0.0301,0.1531,0.6219,0.0,0
90.0,0.0286,0.5405,0.0114,0.146,0.3288,0.0,0
90.0,0.0909,0.4939,0.1393,0.1992,0.7565,0.0,0
90.0,0.1715,1.254,0.7962,2.0627,3.6811,0.0,0
90.0,0.2511,1.6225,0.6137,2.3077,0.7909,0.0,0
90.0,0.2755,1.1495,0.4669,1.7981,0.9242,0.0,0
90.0,0.3157,0.8394,0.006,0.5829,2.9081,0.0,0
90.0,0.0882,0.74,0.3047,0.2822,0.7723,0.0,0
90.0,0.0477,0.69,0.0787,0.0472,0.4539,0.0,0
90.0,0.2748,1.2006,0.1969,0.7428,1.3258,0.0,0
90.0,0.4036,1.0259,0.3983,1.5018,2.2152,0.0,0
90.0,0.2846,0.986,0.1028,0.4834,2.5369,0.0,0
90.0,0.2811,0.9769,0.1221,0.9543,0.7586,0.0,0
90.0,0.126,0.6723,0.1319,0.1302,1.0013,0.0,0
90.0,0.1542,1.0948,0.1992,2.0256,2.0507,0.0,0
90.0,0.0475,1.107,0.1957,1.6337,0.4583,0.0,0
90.0,0.1335,1.0719,0.5476,2.1693,0.2308,0.0,0
90.0,0.2246,1.2392,0.2169,1.8309,0.2822,0.0,0
90.0,0.4044,1.1096,0.6302,1.6043,1.4351,0.0,0
90.0,0.1227,1.2208,0.5341,1.3107,1.461,0.0,0
90.0,0.1611,0.7631,0.1967,0.1445,1.4008,0.0,0
90.0,0.1314,1.3628,0.2285,1.6187,2.4201,0.0,0
90.0,0.2859,1.053,0.2858,1.2874,1.7265,0.0,0
90.0,0.3062,0.7687,0.4568,1.0766,1.6542,0.0,0
90.0,0.2879,1.4531,0.7028,2.5389,3.3324,0.0,0
90.0,0.0783,1.0679,0.4861,2.1978,0.7316,0.0,0
90.0,0.2352,0.8879,0.0755,0.4232,2.5072,0.0,0
90.0,0.1214,1.1146,0.2997,0.9764,1.0426,0.0,0
90.0,0.0969,0.8145,0.0356,0.2816,0.4489,0.0,0
90.0,0.3837,0.7127,0.2811,0.8241,0.817,0.0,0
90.0,0.0337,0.7016,0.0674,0.2767,0.6889,0.0,0
90.0,0.2874,0.9588,0.261,0.906,1.1907,0.0,0
90.0,0.0258,1.5167,0.6187,2.0454,1.8871,0.0,0
90.0,0.5745,0.4553,0.4028,1.3296,0.5088,0.0,0
90.0,0.1658,1.4739,0.5249,2.5778,0.9855,0.0,0
90.0,0.1023,1.2663,0.6785,2.2863,0.505,0.0,0
90.0,0.2946,1.1483,0.4599,2.0929,0.1939,0.0,0
90.0,0.0849,1.1056,0.1431,0.3626,2.2384,0.0,0
90.0,0.0044,1.0393,0.3377,1.5164,2.3062,0.0,0
90.0,0.1455,1.3995,0.0464,1.9538,0.3164,0.0,0
90.0,0.1455,1.3995,0.0464,1.9538,0.0,0.0,0
90.0,0.4238,0.5462,0.2292,0.6681,2.9819,0.0,0
90.0,0.5636,0.8061,0.2392,1.0671,3.6265,0.0,0
90.0,0.0717,1.1194,0.4953,2.486,1.0389,0.0,0
90.0,0.267,0.8144,0.1442,0.5981,3.662,0.0,0
90.0,0.0997,0.6629,0.1197,0.4779,0.7518,0.0,0
90.0,0.339,0.5273,0.4247,0.7557,0.2828,0.0,0
90.0,0.3996,0.6318,0.471,0.787,0.4952,0.0,0
90.0,0.5883,1.5808,1.2651,3.0327,2.3271,0.0,0
90.0,0.45,1.1499,0.4317,1.4388,1.0584,0.0,0
90.0,0.2371,0.6028,0.3014,0.6753,1.9313,0.0,0
90.0,1.0803,0.621,0.4873,1.3318,2.5282,0.0,0
90.0,0.0453,1.5409,0.7369,2.0682,1.8946,0.0,0
90.0,0.0453,1.5409,0.7369,2.0682,0.0,0.0,0
90.0,0.0268,1.3661,0.7622,2.3571,1.3819,0.0,0
90.0,0.1386,0.9631,0.3531,1.6867,0.42,0.0,0
90.0,0.9206,1.2883,0.8856,2.7084,1.236,0.0,0
90.0,0.0515,0.9098,0.2834,0.5822,3.6931,0.0,0
90.0,0.2105,0.8931,0.0696,0.43,0.4834,0.0,0
90.0,0.0502,0.8192,0.0884,0.8039,1.1463,0.0,0
90.0,0.1072,0.8564,0.1589,0.3984,1.3185,0.0,0
90.0,0.4268,0.6043,0.4223,0.8991,0.9912,0.0,0
90.0,0.0892,0.7569,0.2623,0.449,0.7839,0.0,0
90.0,0.5107,1.4698,0.7703,2.126,2.2241,0.0,0
90.0,0.1605,0.7114,0.388,0.4658,2.8986,0.0,0
90.0,0.0024,0.7795,0.0309,0.3136,1.1395,0.0,0
90.0,0.0176,0.7267,0.0876,0.0685,0.2118,0.0,0
90.0,0.0176,0.7267,0.0876,0.0685,0.0,0.0,0
90.0,0.0845,0.5361,0.1203,0.1356,0.2682,0.0,0
90.0,0.2123,1.3108,0.1924,1.8308,3.6527,0.0,0
90.0,0.3354,1.2071,0.3392,1.8507,0.4874,0.0,0
90.0,0.1688,0.7599,0.1386,0.1976,3.7578,0.0,0
90.0,0.0502,0.8623,0.186,0.1327,0.3709,0.0,0
90.0,0.0434,0.5041,0.0252,0.0085,0.5248,0.0,0
90.0,0.1678,0.9274,0.014,0.147,0.2897,0.0,0
90.0,0.2865,0.7522,0.1388,0.4646,0.4187,0.0,0
90.0,0.3165,0.9575,0.5163,1.8534,1.9657,0.0,0
90.0,0.2317,0.6651,0.1184,0.2159,2.5197,0.0,0
90.0,0.2025,0.7956,0.1232,0.2812,0.2148,0.0,0
90.0,0.1269,0.9559,0.2637,0.8936,0.8163,0.0,0
90.0,0.1269,0.9559,0.2637,0.8936,0.0,0.0,0
90.0,0.1861,0.6715,0.1906,0.3686,0.8343,0.0,0
90.0,0.155,0.9431,0.1841,0.7158,0.8159,0.0,0
90.0,0.0562,0.9898,0.5714,1.4596,2.1038,0.0,0
90.0,0.2228,0.6687,0.1285,0.3111,1.377,0.0,0
90.0,0.089,1.0045,0.2921,0.8003,0.7444,0.0,0
90.0,0.2702,0.6381,0.2581,1.4369,3.0543,0.0,0
90.0,0.3167,1.1227,0.5852,2.1209,1.2555,0.0,0
90.0,0.209,0.8035,0.1801,0.6396,3.2621,0.0,0
90.0,0.1761,1.2749,0.5228,1.9327,2.9518,0.0,0
90.0,0.1534,0.8635,0.2165,0.6651,2.9535,0.0,0
90.0,0.2029,1.0004,0.3665,1.3535,1.5452,0.0,0
90.0,0.8723,1.4706,0.8261,2.7065,1.7948,0.0,0
90.0,0.297,1.2111,0.719,2.1175,1.4278,0.0,0
90.0,0.2665,1.4419,0.6771,1.7181,1.0256,0.0,0
90.0,0.0831,1.2772,0.3804,2.2489,1.2123,0.0,0
90.0,0.153,0.9687,0.2148,1.0617,1.4343,0.0,0
90.0,0.0908,1.0845,0.4126,1.8729,1.0295,0.0,0
90.0,0.0751,1.4269,0.9026,2.1308,0.8108,0.0,0
90.0,0.026,1.2463,0.6432,1.1478,1.3903,0.0,0
90.0,0.1924,1.2314,0.0469,0.5393,0.8278,0.0,0
90.0,0.1599,1.7868,0.746,2.9845,2.0464,0.0,0
90.0,0.1599,1.7868,0.746,2.9845,0.0,0.0,0
90.0,0.0888,0.8067,0.136,0.4258,3.112,0.0,0
90.0,0.055,0.9036,0.2011,0.3348,0.126,0.0,0
90.0,0.253,2.1983,1.3234,3.4529,1.9371,0.0,0
90.0,0.0477,0.7449,0.1629,0.647,1.3345,0.0,0
90.0,0.2284,0.8147,0.1226,0.2148,0.9588,0.0,0
90.0,0.1366,0.9214,0.2161,0.4561,0.8598,0.0,0
90.0,0.1736,0.9679,0.3697,1.3839,1.4972,0.0,0
90.0,0.1692,0.9246,0.0555,0.3002,1.033,0.0,0
90.0,0.054,1.106,0.4909,1.7215,1.4634,0.0,0
90.0,0.1944,0.8592,0.2655,0.1824,2.6417,0.0,0
90.0,0.0917,0.958,0.2063,0.0937,0.6206,0.0,0
90.0,0.0917,0.958,0.2063,0.0937,0.0,0.0,0
90.0,0.0921,1.1885,0.4721,2.0684,3.2079,0.0,0
90.0,0.3277,1.5562,0.7268,3.0325,0.4715,0.0,0
90.0,0.1355,1.1607,0.3732,1.6894,1.0858,0.0,0
90.0,0.3368,1.32,0.3923,2.3999,1.3328,0.0,0
90.0,0.163,1.0353,0.1105,0.4037,1.8781,0.0,0
90.0,0.6739,1.4036,0.5269,2.0474,1.8106,0.0,0
90.0,0.3327,0.7364,0.1265,0.278,3.3862,0.0,0
90.0,0.4836,0.7036,0.2972,0.4239,0.9166,0.0,0
90.0,0.2596,1.3693,0.2577,1.1929,1.4698,0.0,0
90.0,0.235,0.8813,0.1373,0.2205,1.6089,0.0,0
90.0,0.1753,1.1613,0.3154,1.3194,2.207,0.0,0
90.0,0.6037,1.9943,1.1624,2.5976,1.4207,0.0,0
90.0,0.6037,1.9943,1.1624,2.5976,0.0,0.0,0
90.0,0.5394,1.1523,0.0584,1.1541,0.6303,0.0,0
90.0,1.3495,0.1526,0.5447,1.5245,1.0772,0.0,0
90.0,0.2148,1.2699,0.4872,1.8349,1.1424,0.0,0
90.0,0.3501,1.3326,0.4484,2.2918,0.6687,0.0,0
90.0,0.6435,1.8943,0.7865,2.151,1.2773,0.0,0
90.0,0.4077,1.1844,0.5377,2.1185,1.1903,0.0,0
90.0,0.1954,0.9512,0.0816,0.3865,1.8087,0.0,0
90.0,0.166,0.9641,0.039,0.0366,1.166,0.0,0
90.0,0.9509,0.7775,0.3752,1.17,1.4235,0.0,0
90.0,0.208,0.9706,0.1518,0.7233,1.0451,0.0,0
90.0,0.2519,0.9968,0.0653,0.352,0.4868,0.0,0
90.0,0.1092,1.025,0.164,0.0882,0.9487,0.0,0
90.0,0.3198,1.395,0.5634,2.6414,3.3442,0.0,0
90.0,0.3812,0.7394,0.2048,0.3075,3.1016,0.0,0
90.0,0.8904,1.3398,0.6405,2.375,2.399,0.0,0
90.0,0.1043,1.3116,0.3458,2.0075,1.3434,0.0,0
90.0,1.0317,1.2046,1.0581,1.9958,2.2136,0.0,0
90.0,0.1242,0.9463,0.3326,1.1164,1.1117,0.0,0
90.0,0.4645,1.0083,0.4913,1.5077,0.936,0.0,0
90.0,0.069,1.3963,0.3481,1.8242,1.5582,0.0,0
90.0,0.3839,1.099,0.5393,1.774,0.8423,0.0,0
90.0,0.1177,0.9387,0.0581,0.2637,1.6625,0.0,0
90.0,0.1223,0.9188,0.2375,0.0299,0.6526,0.0,0
90.0,0.1171,1.3939,0.7497,2.6007,2.96,0.0,0
90.0,0.1104,1.02,0.0772,0.0185,2.9734,0.0,0
90.0,0.1582,0.8149,0.4111,0.1295,0.9543,0.0,0
90.0,0.3662,1.1131,0.4532,1.3339,1.9828,0.0,0
90.0,0.3351,1.0026,0.173,1.2142,0.7834,0.0,0
90.0,0.1896,0.9186,0.0195,0.1658,1.257,0.0,0
90.0,0.2615,0.9484,0.331,1.8873,2.3344,0.0,0
90.0,0.1049,1.1552,0.4051,2.2992,0.6122,0.0,0
90.0,0.0148,0.7588,0.2963,0.6484,2.1302,0.0,0
90.0,0.1309,1.0388,0.0018,0.061,0.846,0.0,0
90.0,0.0852,1.1645,0.2679,0.8287,0.816,0.0,0
90.0,0.0712,1.0971,0.3049,1.398,0.6914,0.0,0
90.0,0.1485,0.8622,0.0316,0.0973,1.3576,0.0,0
90.0,0.2377,1.4646,0.5396,1.7956,2.7942,0.0,0
90.0,0.8888,0.7626,0.6705,1.7337,0.5958,0.0,0
90.0,0.1671,0.974,0.0198,0.1469,1.2485,0.0,0
90.0,0.1787,0.8791,0.0781,0.0644,0.2935,0.0,0
90.0,0.0915,0.9201,0.0544,0.0575,0.2284,0.0,0
90.0,0.1268,1.1132,0.3776,2.0033,2.6855,0.0,0
90.0,0.2482,0.8602,0.2557,0.3642,2.5635,0.0,0
90.0,0.1083,1.2281,0.0864,0.4233,1.1034,0.0,0
90.0,0.0574,1.1154,0.0519,0.184,0.3674,0.0,0
90.0,0.2541,0.9414,0.2054,0.687,0.5978,0.0,0
90.0,0.1892,0.9266,0.059,0.3729,0.9264,0.0,0
90.0,0.0011,1.1643,0.4811,1.8328,1.4068,0.0,0
90.0,0.2014,0.9749,0.0158,0.2142,2.1013,0.0,0
90.0,0.1744,0.9419,0.1678,0.3345,0.6533,0.0,0
90.0,0.1063,1.0239,0.2565,0.8443,1.4604,0.0,0
90.0,0.1484,0.8734,0.0926,0.0549,0.6522,0.0,0
90.0,0.3878,0.9424,0.1567,0.5133,0.4051,0.0,0
90.0,0.1375,1.5778,0.7209,2.4498,2.3254,0.0,0
90.0,0.4397,0.8012,0.294,0.2519,2.6585,0.0,0
90.0,0.1997,1.3448,0.5673,2.256,2.6501,0.0,0
90.0,0.2525,1.0804,0.321,0.9944,3.3496,0.0,0
90.0,0.2024,1.4577,0.6229,2.4761,3.1563,0.0,0
90.0,0.1867,0.8622,0.0338,0.195,2.7654,0.0,0
90.0,0.1817,1.2615,0.1577,0.8032,1.6198,0.0,0
90.0,0.0724,1.0019,0.2233,1.1779,1.5073,0.0,0
90.0,0.3521,1.6781,0.5315,2.7644,2.115,0.0,0
90.0,0.0738,1.0657,0.2381,1.9013,0.2729,0.0,0
90.0,0.3474,1.0625,0.3059,0.673,1.8496,0.0,0
90.0,0.1444,1.1312,0.0309,0.4411,0.5616,0.0,0
90.0,0.0405,1.3044,0.3527,1.8662,1.3353,0.0,0
90.0,0.314,0.7923,0.3408,0.8013,3.1176,0.0,0
90.0,0.1986,0.968,0.0331,0.3289,1.2095,0.0,0
90.0,0.6284,1.2408,0.7386,1.3779,1.2842,0.0,0
90.0,0.2677,0.7525,0.0966,0.2544,1.4531,0.0,0
90.0,0.2098,0.8349,0.1087,0.0016,0.5269,0.0,0
90.0,0.7985,0.8566,0.5867,1.5515,1.5416,0.0,0
90.0,0.8203,1.1309,0.8556,1.7847,1.19,0.0,0
90.0,0.1785,1.1844,0.2917,1.4812,0.9987,0.0,0
90.0,0.2918,1.1938,0.0748,1.606,0.7335,0.0,0
90.0,0.296,1.1358,0.7416,1.8749,1.5831,0.0,0
90.0,0.021,0.9378,0.078,0.2781,1.8655,0.0,0
90.0,0.1894,1.4563,0.6406,2.623,1.3355,0.0,0
90.0,0.2823,0.6994,0.1189,0.1937,2.4515,0.0,0
90.0,0.1799,1.1416,0.4445,2.1964,2.6086,0.0,0
90.0,0.0633,0.8829,0.1003,0.6413,1.8309,0.0,0
90.0,0.1494,1.3655,0.4583,2.1612,1.8846,0.0,0
90.0,0.8344,1.1307,0.5706,1.0672,1.7446,0.0,0
90.0,0.1782,0.8463,0.0056,0.064,3.2728,0.0,0
90.0,0.169,0.701,0.0709,0.1331,0.3498,0.0,0
90.0,0.2765,0.5872,0.0682,0.2257,0.0781,0.0,0
90.0,0.2567,0.9572,0.1349,0.3123,0.2424,0.0,0
90.0,0.088,1.8501,0.7685,2.7252,2.2122,0.0,0
90.0,0.149,0.9391,0.2033,1.1187,2.5824,0.0,0
90.0,0.1346,1.1413,0.2125,0.5102,1.8065,0.0,0
90.0,0.2247,0.9887,0.0664,0.4764,1.0264,0.0,0
90.0,0.2052,0.9944,0.1444,1.0611,1.7742,0.0,0
90.0,0.3675,1.0945,0.9361,2.1159,0.6446,0.0,0
90.0,0.3085,2.2223,1.4974,3.1274,0.5719,0.0,0
90.0,0.1759,1.2084,0.1308,1.4779,0.4472,0.0,0
90.0,0.1275,0.8863,0.0269,0.2366,1.834,0.0,0
90.0,0.2903,0.9735,0.3158,1.0602,2.049,0.0,0
90.0,1.073,1.2553,0.4129,1.427,1.3991,0.0,0
90.0,0.4293,1.3016,0.4422,1.6492,1.1322,0.0,0
90.0,0.1656,0.9917,0.1559,0.6347,1.9546,0.0,0
90.0,0.0127,1.2041,0.5174,2.2232,2.7144,0.0,0
90.0,0.2961,0.9295,0.2183,0.6383,2.9178,0.0,0
90.0,0.2731,0.9802,0.2368,0.9911,0.7624,0.0,0
90.0,0.306,1.4073,0.3297,2.2758,3.0282,0.0,0
90.0,0.2819,0.7106,0.1399,0.2595,1.8503,0.0,0
90.0,0.1994,1.5906,0.5772,2.2095,2.1246,0.0,0
90.0,0.3671,0.948,0.2144,0.9499,2.1565,0.0,0
90.0,0.3805,1.1341,0.6082,1.3217,1.2138,0.0,0
90.0,0.2242,1.0224,0.074,0.1434,1.6647,0.0,0
90.0,0.3989,0.8757,0.2871,0.9629,0.6162,0.0,0
90.0,0.3613,0.8964,0.2163,0.2661,0.4677,0.0,0
90.0,0.2319,1.6596,0.6595,2.4484,2.7048,0.0,0
90.0,0.5119,1.4652,0.302,2.0115,0.4334,0.0,0
90.0,0.1649,1.0083,0.2224,1.0755,0.7219,0.0,0
90.0,0.0051,1.231,0.3275,1.8001,1.5542,0.0,0
90.0,0.0422,1.233,0.4847,2.0084,1.0734,0.0,0
90.0,0.0805,0.9506,0.4033,1.6514,0.413,0.0,0
90.0,0.0373,1.4238,0.4264,2.1228,0.8226,0.0,0
90.0,0.2927,0.7622,0.1492,0.2885,2.582,0.0,0
90.0,0.1451,0.8063,0.0445,0.003,0.3301,0.0,0
90.0,0.1367,1.2372,0.3787,1.5044,1.5645,0.0,0
90.0,0.1957,0.7788,0.1176,0.2058,1.3343,0.0,0
90.0,0.256,0.9008,0.0718,0.4738,0.9232,0.0,0
90.0,0.306,0.7771,0.1995,0.4058,0.6388,0.0,0
90.0,0.4221,0.6339,0.2721,0.8512,0.3469,0.0,0
90.0,0.2319,0.9871,0.1309,0.4274,0.2924,0.0,0
90.0,0.0221,1.2182,0.2692,1.7073,2.4844,0.0,0
90.0,0.7224,1.5789,0.2561,1.1454,1.515,0.0,0
90.0,0.2058,1.2935,0.2579,1.0773,1.6507,0.0,0
90.0,0.1299,0.9727,0.1822,0.2819,1.7296,0.0,0
90.0,0.1716,1.3397,0.3433,2.1191,3.1669,0.0,0
90.0,0.1446,0.7454,0.0746,0.0215,2.7335,0.0,0
90.0,0.0485,0.9658,0.0893,0.3341,0.684,0.0,0
90.0,0.1625,0.9238,0.0666,0.2357,0.2847,0.0,0
90.0,0.3903,1.0968,0.3047,1.3123,2.0487,0.0,0
90.0,0.2179,0.9702,0.3877,0.5596,1.0814,0.0,0
90.0,0.2179,0.9702,0.3877,0.5596,0.0,0.0,0
90.0,0.2834,1.3396,0.5162,2.516,3.3038,0.0,0
90.0,0.5179,2.2122,2.0384,4.5175,1.2269,0.0,0
90.0,0.322,1.0442,0.5503,1.9034,0.7398,0.0,0
90.0,0.3213,1.1368,0.2421,1.5148,0.7242,0.0,0
90.0,0.0428,1.4102,0.3132,2.051,0.4429,0.0,0
90.0,0.0655,1.1302,0.0149,0.0875,2.7424,0.0,0
90.0,0.2,0.976,0.0202,0.3929,0.4877,0.0,0
90.0,0.2253,0.8366,0.2552,1.2335,2.3512,0.0,0
90.0,0.5385,1.2881,0.8327,1.6541,1.5335,0.0,0
90.0,0.451,0.6661,0.2682,0.5756,2.2325,0.0,0
90.0,0.451,0.6661,0.2682,0.5756,0.0,0.0,0
90.0,0.0085,1.6072,0.4695,2.3114,3.0259,0.0,0
90.0,0.2988,1.1828,0.5251,1.9143,0.6499,0.0,0
90.0,0.1318,1.234,0.1263,1.1573,1.3456,0.0,0
90.0,0.1197,1.0489,0.0937,0.5384,1.0109,0.0,0
90.0,0.226,0.9539,0.3262,0.057,1.7261,0.0,0
90.0,0.0717,1.1204,0.2938,0.8159,1.4667,0.0,0
90.0,0.0933,1.3951,0.5401,2.0504,2.667,0.0,0
90.0,0.2884,0.6889,0.1427,0.4033,3.6736,0.0,0
90.0,0.2533,2.1454,1.0345,3.6006,3.971,0.0,0
90.0,0.1805,0.849,0.0288,0.4343,1.677,0.0,0
90.0,0.0681,0.8282,0.0333,0.0547,0.7252,0.0,0
90.0,0.116,0.9035,0.1145,1.1741,2.8475,0.0,0
90.0,0.2913,1.4043,0.8106,2.3577,0.4686,0.0,0
90.0,0.2913,1.4043,0.8106,2.3577,0.0,0.0,0
90.0,0.2765,0.777,0.1733,0.6453,2.3275,0.0,0
90.0,0.5218,0.9012,0.449,1.1643,0.5184,0.0,0
90.0,0.3357,0.9837,0.3068,1.133,0.1755,0.0,0
90.0,0.1394,1.0058,0.5523,1.9988,1.6888,0.0,0
90.0,0.6917,1.1559,1.0566,2.5959,2.8399,0.0,0
90.0,0.1053,0.9835,0.6607,2.0679,1.918,0.0,0
90.0,0.4426,1.7433,1.0636,3.1673,0.8314,0.0,0
90.0,0.4547,0.832,0.3998,1.1316,1.489,0.0,0
90.0,0.1035,1.0728,0.1621,0.3778,0.9943,0.0,0
90.0,0.1586,0.9164,0.2304,1.3144,1.5315,0.0,0
90.0,0.0876,0.8517,0.154,0.5173,1.7968,0.0,0
90.0,0.1249,1.1538,0.3402,2.1917,1.9655,0.0,0
90.0,0.1249,1.1538,0.3402,2.1917,0.0,0.0,0
90.0,0.1883,1.1934,0.2536,2.5485,0.395,0.0,0
90.0,0.2071,0.929,0.1456,1.6074,1.0515,0.0,0
90.0,0.0343,0.6708,0.1132,0.1661,2.2586,0.0,0
90.0,0.0967,0.8617,0.0481,0.2694,0.7374,0.0,0
90.0,0.0563,1.01,0.023,0.1244,0.317,0.0,0
90.0,0.0634,0.8589,0.4578,0.205,1.6504,0.0,0
90.0,0.3741,0.9122,0.3063,0.6768,0.4191,0.0,0
90.0,0.1747,1.1134,0.1923,0.1829,1.1737,0.0,0
90.0,0.1439,1.0643,0.4397,0.267,0.3067,0.0,0
90.0,0.2687,2.0564,0.8334,1.963,2.2693,0.0,0
90.0,0.5374,1.0439,0.5654,0.9602,1.0294,0.0,0
90.0,0.7855,1.6763,1.2499,3.3386,1.9235,0.0,0
90.0,0.2992,0.8104,0.4601,0.5341,3.3514,0.0,0
90.0,0.2992,0.8104,0.4601,0.5341,0.0,0.0,0
90.0,0.0485,0.8506,0.7355,0.3748,1.4731,0.0,0
90.0,0.312,0.9452,0.6408,0.9018,1.638,0.0,0
90.0,0.1507,0.7769,0.0091,0.4028,1.1696,0.0,0
90.0,0.2032,0.8984,0.0204,0.4535,0.3756,0.0,0
90.0,0.1099,0.7948,0.2596,0.5167,0.546,0.0,0
90.0,0.2707,0.7935,0.2752,0.6538,0.5152,0.0,0
90.0,0.2071,0.7953,0.782,0.0973,0.8636,0.0,0
90.0,0.2794,0.8492,0.2281,0.3955,0.7241,0.0,0
90.0,0.2808,0.8818,0.7775,0.4945,0.6107,0.0,0
90.0,0.4454,0.905,0.6862,0.7049,1.7048,0.0,0
90.0,0.4057,0.9895,0.3224,0.9733,0.8408,0.0,0
90.0,0.0729,1.165,0.6795,1.963,2.4271,0.0,0
90.0,0.0729,1.165,0.6795,1.963,0.0,0.0,0
90.0,0.4572,0.943,0.3074,0.7915,3.0411,0.0,0
90.0,0.4928,0.8023,0.0807,1.0621,0.8831,0.0,0
90.0,0.6511,1.229,0.8754,2.3565,2.5283,0.0,0
90.0,0.9381,1.7881,1.9503,3.2235,1.0059,0.0,0
90.0,0.5484,0.6897,0.6781,0.899,2.6863,0.0,0
90.0,0.2847,1.0385,0.3511,0.3229,0.3729,0.0,0
90.0,0.4171,0.7905,0.0005,0.5313,1.3741,0.0,0
90.0,0.4779,0.5236,0.2061,0.4746,0.5717,0.0,0
90.0,0.3656,1.2692,0.2904,0.9618,1.4994,0.0,0
90.0,0.8459,2.3762,2.1478,3.4549,3.0018,0.0,0
90.0,0.2464,1.1742,0.3189,0.6353,3.3078,0.0,0
90.0,0.3848,0.8969,0.4193,1.0596,0.7522,0.0,0
90.0,0.3848,0.8969,0.4193,1.0596,0.0,0.0,0
90.0,0.4029,0.9593,0.3186,1.6128,1.287,0.0,0
90.0,0.3047,0.6848,0.1561,0.0142,2.1712,0.0,0
90.0,0.5686,0.8012,0.1289,1.2257,0.7095,0.0,0
90.0,0.4771,0.809,0.3571,0.4019,1.0221,0.0,0
90.0,0.5176,0.7814,0.1976,0.6457,0.7438,0.0,0
90.0,0.1393,0.889,0.3348,1.0428,1.8379,0.0,0
90.0,0.3808,0.7588,0.1011,0.7263,0.9939,0.0,0
90.0,0.4741,0.521,0.096,0.5162,0.5497,0.0,0
90.0,0.5409,0.7377,0.58,1.1187,1.262,0.0,0
90.0,0.9469,1.8535,1.4103,3.2697,2.4968,0.0,0
90.0,0.4754,1.8587,1.0412,2.7741,0.4213,0.0,0
90.0,0.4622,0.8572,0.4428,0.4601,1.4133,0.0,0
90.0,0.6384,1.9518,1.7161,3.3579,3.9446,0.0,0
90.0,0.6874,0.7923,0.5485,1.1887,5.6676,0.0,0
90.0,0.5087,0.7649,0.1079,1.0931,2.2344,0.0,0
90.0,0.374,0.7753,0.4841,0.0614,1.1853,0.0,0
90.0,0.3437,1.0155,0.7874,0.2114,0.6252,0.0,0
90.0,0.4268,1.0823,0.2979,0.3495,0.4389,0.0,0
90.0,0.4952,0.7225,0.5984,0.9875,1.6966,0.0,0
90.0,0.0603,1.2712,0.633,1.8315,2.3462,0.0,0
90.0,0.5164,0.8654,0.2336,0.4791,3.3822,0.0,0
90.0,0.5822,0.7761,0.2543,0.3782,0.304,0.0,0
90.0,0.4119,1.7772,1.2251,2.6437,3.2929,0.0,0
90.0,0.3059,0.7998,0.2585,0.3983,1.7966,0.0,0
90.0,0.4147,0.8123,0.1125,0.5947,0.5275,0.0,0
90.0,0.3094,0.9762,0.6701,0.2027,0.7425,0.0,0
90.0,0.5732,1.1259,0.4413,1.0401,1.4569,0.0,0
90.0,0.2771,1.0646,0.3349,0.0282,1.0358,0.0,0
90.0,0.2966,0.8139,0.6135,0.0018,0.8522,0.0,0
90.0,0.1361,0.833,0.7984,0.2119,0.2458,0.0,0
90.0,0.6071,0.9773,0.7409,1.5065,1.8427,0.0,0
90.0,0.08,0.9583,0.1164,0.0473,2.1029,0.0,0
90.0,0.4062,1.2874,0.7467,2.2316,2.9178,0.0,0
90.0,0.2943,1.2072,0.8133,0.9646,1.8242,0.0,0
90.0,0.3235,1.2466,0.0616,0.2988,1.459,0.0,0
90.0,0.2522,1.0257,0.2598,0.761,0.6456,0.0,0
90.0,0.2064,0.7344,0.4583,0.2461,1.3086,0.0,0
90.0,0.3724,0.9954,0.39,0.3923,1.0149,0.0,0
90.0,0.3151,0.8951,0.4089,0.3972,0.8192,0.0,0
90.0,0.367,1.1284,0.5618,0.8012,0.5839,0.0,0
90.0,0.4233,1.268,0.7548,0.7551,0.7342,0.0,0
90.0,0.4746,0.9482,0.3555,1.1973,1.4056,0.0,0
90.0,0.2086,1.3678,0.6147,1.9986,2.0942,0.0,0
90.0,0.0925,0.7129,0.3137,0.5439,1.8789,0.0,0
90.0,0.1345,0.7386,0.3673,0.3721,0.4905,0.0,0
90.0,0.0741,0.916,0.6686,1.7942,1.5673,0.0,0
90.0,0.1771,0.5938,0.5356,0.7091,1.3857,0.0,0
90.0,0.0743,0.6454,0.4398,0.0394,0.6324,0.0,0
90.0,0.092,0.6705,0.4199,0.5238,0.6089,0.0,0
90.0,0.1067,0.5641,0.4135,0.0625,0.4254,0.0,0
90.0,0.228,0.7664,0.5417,1.557,2.3918,0.0,0
90.0,0.0036,0.6687,0.3623,0.1746,1.5598,0.0,0
90.0,0.0486,0.95,0.3575,0.0152,0.254,0.0,0
90.0,0.1293,0.5734,0.3748,0.0294,0.3976,0.0,0
90.0,0.0633,0.7903,0.1898,0.1322,0.159,0.0,0
90.0,0.0836,0.6819,0.2748,0.124,0.354,0.0,0
90.0,0.0905,0.8042,0.2607,0.1791,0.3496,0.0,0
90.0,0.0274,0.8492,0.1301,0.3945,0.2977,0.0,0
90.0,0.0156,0.8645,0.2459,0.5092,0.7619,0.0,0
90.0,0.0568,0.8923,0.3809,0.604,0.2229,0.0,0
90.0,0.0936,0.8447,0.4409,0.6245,0.4347,0.0,0
90.0,0.1004,0.8578,0.5729,0.7889,0.9795,0.0,0
90.0,0.1165,0.7855,0.8019,0.9481,0.5013,0.0,0
90.0,0.1244,0.8106,1.0012,1.0808,0.7887,0.0,0
90.0,0.1102,0.6968,1.0395,1.1097,0.6546,0.0,0
90.0,0.1289,0.7693,1.1539,1.3064,0.567,0.0,0
90.0,0.0616,0.7601,1.3612,1.4568,0.7162,0.0,0
90.0,0.1274,0.7778,1.3402,1.1219,0.5162,0.0,0
90.0,0.131,0.7659,1.3275,1.3762,0.9736,0.0,0
90.0,0.1095,0.7351,1.3007,1.4105,0.3998,0.0,0
90.0,0.0546,0.8412,1.3487,1.4193,0.3909,0.0,0
90.0,0.0782,0.734,1.2684,1.2996,0.1739,0.0,0
90.0,0.0651,0.7236,1.2128,1.3045,0.402,0.0,0
90.0,0.0603,0.7424,1.2074,1.2424,0.1652,0.0,0
90.0,0.068,0.7158,1.1941,1.2709,0.0756,0.0,0
90.0,0.0335,0.7433,1.281,1.3048,0.2199,0.0,0
90.0,0.0489,0.7904,1.2389,1.2742,0.1215,0.0,0
90.0,0.0568,0.7929,1.335,1.3292,0.1606,0.0,0
90.0,0.0604,0.7834,1.4003,1.3822,0.2771,0.0,0
90.0,0.0779,0.9007,1.4467,1.2488,2.0174,0.0,0
90.0,0.0529,1.0038,1.3703,0.9484,0.9379,0.0,0
90.0,0.0274,1.0864,1.314,1.2473,0.9963,0.0,0
90.0,0.0623,1.0495,1.0932,1.2109,0.8552,0.0,0
90.0,0.0693,1.021,0.8845,1.134,0.9027,0.0,0
90.0,0.0105,1.0042,0.5935,0.9317,0.372,0.0,0
90.0,0.0577,0.9663,0.4832,0.6997,0.6683,0.0,0
90.0,0.0515,1.0124,0.3053,0.5307,0.4754,0.0,0
90.0,0.0423,1.0019,0.1411,0.2603,0.4708,0.0,0
90.0,0.0279,0.9597,0.1147,0.0863,1.234,0.0,0
90.0,0.011,0.9726,0.0977,0.0479,0.7228,0.0,0
90.0,0.0221,0.9052,0.1133,0.0128,0.4553,0.0,0
90.0,0.0387,0.934,0.239,0.2372,2.5601,0.0,0
90.0,0.102,1.0647,0.2707,0.0271,0.4237,0.0,0
90.0,0.174,1.1465,0.4345,0.0258,0.6862,0.0,0
90.0,0.2469,1.2986,0.1977,0.2769,0.4483,0.0,0
90.0,0.4017,1.3425,0.2541,0.2218,0.4925,0.0,0
90.0,0.5686,1.5186,0.0627,0.0174,0.2886,0.0,0
90.0,0.8943,1.8786,0.3187,0.2156,0.3614,0.0,0
90.0,1.0069,2.5196,0.192,0.0335,0.3834,0.0,0
90.0,0.9838,2.4223,0.0669,0.1061,0.1496,0.0,0
90.0,1.2015,2.7017,0.0277,0.1068,0.4669,0.0,0
90.0,1.1558,3.0414,0.1955,0.3601,0.2166,0.0,0
